genotype,sex,age,which_eye,quadrant,cell_type,animal_id,peak_FR,baseline_FR,spot_sizes,spikes_stim_mean,spikes_stim_sem,spikes_tail_mean,spikes_tail_sem,min_spikes_ON,min_spikes_OFF,min_size_ON,min_size_OFF,peak_size_ON,peak_size_OFF,peak_spikes_ON,peak_spikes_OFF,half_peak_size,SI
Trarg1(Tusc5-eGFP/WT),Female,20.8571,Left,VN,UHD,DJID_2009,100,0,"[30,42,59,82,115,160,224,314,439,614,858,1200]","[0,0,0,0,2.6666666666666665,6,4.333333333333333,0.66666666666666663,0,0,0,0]","[0,0,0,0,2.1602468994692869,1.2247448713915889,0.816496580927726,0.816496580927726,0,0,0,0]","[0,0,0,0.33333333333333331,2,3.3333333333333335,1.6666666666666667,0,0,0,0,0]","[0,0,0,0.408248290463863,0.70710678118654746,1.4719601443879746,0.816496580927726,0,0,0,0,0]",0,0,30,30,160,160,6,3.33333333333333,NaN,NaN
Trarg1(Tusc5-eGFP/WT),Male,39.1429,Right,VN,UHD,DJID_1862,200,0,"[30,42,59,82,115,160,224,314,439,614,858,1200]","[0,0,0,11.666666666666666,28,18,1,0.5,0,0,0,0]","[0,0,0,7.2226495600068166,2.8284271247461903,2.8284271247461903,0,0.70710678118654757,0,0,0,0]","[0.33333333333333331,0,3.5,16,30.5,4,0,0,0,0,0,0]","[0.408248290463863,0,0.70710678118654757,6.9641941385920587,3.5355339059327378,1.4142135623730951,0,0,0,0,0,0]",0,0,30,42,115,115,28,30.5,NaN,NaN
Trarg1(Tusc5-eGFP/WT),Female,67.8571,Right,VN,UHD,DJID_2782,133.333333333333,0,"[30,42,59,82,115,160,224,314,439,614,858,1200]","[0,0,2.6666666666666665,7.333333333333333,12.333333333333334,9,5.333333333333333,3.6666666666666665,0.66666666666666663,0.66666666666666663,0,0]","[0,0,1.0801234497346435,1.0801234497346432,1.0801234497346435,1.2247448713915889,0.408248290463863,0.81649658092772592,0.816496580927726,0.816496580927726,0,0]","[0,0,0,2,7,8,5.666666666666667,0,0.66666666666666663,0,0,0]","[0,0,0,1.4142135623730949,1.4142135623730949,0,0.408248290463863,0,0.816496580927726,0,0,0]",0,0,30,30,115,160,12.3333333333333,8,NaN,NaN
