genotype,sex,age,which_eye,quadrant,cell_type,animal_id,peak_FR,baseline_FR,spot_sizes,spikes_stim_mean,spikes_stim_sem,spikes_tail_mean,spikes_tail_sem,min_spikes_ON,min_spikes_OFF,min_size_ON,min_size_OFF,peak_size_ON,peak_size_OFF,peak_spikes_ON,peak_spikes_OFF,half_peak_size,SI
Trarg1(Tusc5-eGFP/Tusc5-eGFP),Female,45.8571,Right,VN,Local edge detector,DJID_1744,100,1.75,"[30,42,59,82,115,160,224,314,439,614,858,1200]","[5,0,1.5,0.5,13,24,24.5,19,8,3.5,5,0.5]","[7.0710678118654755,0,2.1213203435596424,0.70710678118654757,11.313708498984761,9.8994949366116654,4.9497474683058327,null,null,4.9497474683058327,1.4142135623730951,0.70710678118654757]","[5.5,2,0.5,0,6.5,3.5,4.5,2,1,2.5,7,0]","[7.7781745930520225,2.8284271247461903,0.70710678118654757,0,6.3639610306789276,0.70710678118654757,0.70710678118654757,null,null,0.70710678118654757,4.2426406871192848,0]",0,0,42,82,224,858,24.5,7,42,NaN
Trarg1(Tusc5-eGFP/Tusc5-eGFP),Female,45.8571,Right,VT,Local edge detector,DJID_1744,66.6666666666667,0.944444,"[30,42,59,82,115,160,224,314,439,614,858,1200]","[1.6666666666666667,0.33333333333333331,0,0.66666666666666663,5.333333333333333,9.3333333333333339,5.666666666666667,4.333333333333333,5.333333333333333,2,2,0.66666666666666663]","[2.0412414523193148,0.408248290463863,0,0.816496580927726,1.6329931618554518,11.430952132988164,6.9402209378856705,5.3072277760302189,6.5319726474218083,2.4494897427831779,1.4142135623730949,0.816496580927726]","[3.6666666666666665,0.66666666666666663,2.3333333333333335,1.3333333333333333,9,5.333333333333333,5.333333333333333,2.3333333333333335,2,2.6666666666666665,6.333333333333333,7.666666666666667]","[3.3416562759605704,0.816496580927726,1.4719601443879746,1.6329931618554521,1.8708286933869707,6.5319726474218083,6.5319726474218083,2.857738033247041,2.4494897427831779,3.2659863237109041,4.2622372841814729,7.0828431202919253]",0,0.666666666666667,59,42,160,115,9.33333333333333,9,59,NaN
