genotype,sex,age,which_eye,quadrant,cell_type,animal_id,peak_FR,baseline_FR,spot_sizes,spikes_stim_mean,spikes_stim_sem,spikes_tail_mean,spikes_tail_sem,min_spikes_ON,min_spikes_OFF,min_size_ON,min_size_OFF,peak_size_ON,peak_size_OFF,peak_spikes_ON,peak_spikes_OFF,half_peak_size,SI
Trarg1(Tusc5-eGFP/WT),Male,39.1429,Right,VN,Local edge detector,DJID_1862,166.666666666667,0,"[30,42,59,82,115,160,224,314,439,614,858,1200]","[0,0,0,10.666666666666666,39.666666666666664,50.333333333333336,22.333333333333332,9.3333333333333339,2.3333333333333335,0.33333333333333331,2,0]","[0,0,0,2.2730302828309754,4.4907311951024926,2.4832774042918895,2.2730302828309759,2.9439202887759488,1.4719601443879746,0.408248290463863,0.70710678118654746,0]","[0,0,0.66666666666666663,8.6666666666666661,30.666666666666668,38,4.666666666666667,0,0,0,0,0]","[0,0,0.816496580927726,1.4719601443879744,3.5590260840104366,4.8989794855663558,2.4832774042918895,0,0,0,0,0]",0,0,30,30,160,160,50.3333333333333,38,NaN,NaN
