genotype,sex,age,which_eye,quadrant,cell_type,animal_id,peak_FR,baseline_FR,spot_sizes,spikes_stim_mean,spikes_stim_sem,spikes_tail_mean,spikes_tail_sem,min_spikes_ON,min_spikes_OFF,min_size_ON,min_size_OFF,peak_size_ON,peak_size_OFF,peak_spikes_ON,peak_spikes_OFF,half_peak_size,SI
Trarg1(Tusc5-eGFP/WT),Female,34.7143,Left,VT,OFF transient medium RF,DJID_2259,150,1.19444,"[30,42,59,82,115,160,224,314,439,614,858,1200]","[0,0.16666666666666666,0,0,0,0,0.33333333333333331,0,0,0.16666666666666666,0,0]","[0,0.18257418583505536,0,0,0,0,0.36514837167011072,0,0,0.18257418583505536,0,0]","[5.5,11.666666666666666,18.5,28,31,31.5,28,21.833333333333332,17.166666666666668,18.833333333333332,20.166666666666668,18.666666666666668]","[3.0430248109405875,2.780887148615228,2.6038433132583072,1.8761663039293719,1.8547236990991405,1.6673332000533065,2.2271057451320084,1.9270011243726179,0.99666109251507029,1.7068489485989478,2.4725155880870262,1.5143755588800729]",0,5.5,30,30,224,160,0.333333333333333,31.5,NaN,NaN
Trarg1(Tusc5-eGFP/WT),Female,34.7143,Left,VT,OFF transient medium RF,DJID_2259,133.333333333333,0.444444,"[30,42,59,82,115,160,224,314,439,614,858,1200]","[0,0,0,0,0,0,0,0,0,0,0,0.66666666666666663]","[0,0,0,0,0,0,0,0,0,0,0,0.816496580927726]","[0,1,11.666666666666666,15.333333333333334,20.333333333333332,20,15.666666666666666,13.333333333333334,9.3333333333333339,9.6666666666666661,9.3333333333333339,10]","[0,0.70710678118654746,2.0412414523193148,2.2730302828309754,1.7795130420052188,3.2403703492039297,3.8944404818493075,1.4719601443879746,2.2730302828309754,1.0801234497346435,0.40824829046386296,0.70710678118654746]",0,0,30,30,1200,115,0.666666666666667,20.3333333333333,NaN,NaN
