genotype,sex,age,which_eye,quadrant,cell_type,animal_id,peak_FR,baseline_FR,spot_sizes,spikes_stim_mean,spikes_stim_sem,spikes_tail_mean,spikes_tail_sem,min_spikes_ON,min_spikes_OFF,min_size_ON,min_size_OFF,peak_size_ON,peak_size_OFF,peak_spikes_ON,peak_spikes_OFF,half_peak_size,SI
Trarg1(Tusc5-eGFP/Tusc5-eGFP),Female,45.8571,Right,VT,ON transient medium RF,DJID_1744,333.333333333333,0.222222,"[30,42,59,82,115,160,224,314,439,614,858,1200]","[0.33333333333333331,1,0,0,0.33333333333333331,0.66666666666666663,0,0,1,1.6666666666666667,0.66666666666666663,1.6666666666666667]","[0.408248290463863,1.2247448713915889,0,0,0.408248290463863,0.816496580927726,0,0,1.2247448713915889,2.0412414523193148,0.816496580927726,2.0412414523193148]","[0.33333333333333331,0,0,0.33333333333333331,5,14.333333333333334,25.333333333333332,29.333333333333332,27.333333333333332,21.333333333333332,14,12.333333333333334]","[0.408248290463863,0,0,0.408248290463863,6.1237243569579451,1.0801234497346435,2.0412414523193152,0.81649658092772592,2.9439202887759492,2.857738033247041,0.70710678118654746,0.816496580927726]",0,0,59,42,614,314,1.66666666666667,29.3333333333333,59,NaN
